orderid,customername,contactperson,grossamount,currency
6024,Zoombeat,Mallayya,8043,USD
6025,Zoombeat1,Mallayya1,8044,IND
6026,Zoomt,Mallayya2,8045,EUR
6027,Zoombe4,Mallayya3,8046,VRL
6028,Zoombeat5,Mallayya4,8047,USD
6029,Zoombeat7,Mallayya5,8048,IND
6030,Zoombeat7,Mallayya6,8049,EUR
6031,Zoombea1,Mallayya7,8050,VRL
6032,Zoombea2,Mallayya8,8051,USD
6033,Zoombea3,Mallayya9,8052,IND
6034,Zoombea4,Mallayya10,8053,EUR
6035,Zoombea5,Mallayya11,8054,VRL
6036,Zoombea6,Mallayya12,8055,USD
6037,Zoombea7,Mallayya13,8056,USD
